pergunta,modelo,resposta,valor,latencia
Como descrever diversificação de carteira em um tom confiante?,gpt-5.4,"Diversificação não é dispersão aleatória, é construção de equilíbrio. Quando os ativos se complementam, a carteira ganha mais estabilidade ao longo do tempo. O estilo aqui foi escrito para parecer assertivo e estratégico.",2.0,1.0
Como descrever diversificação de carteira em um tom confiante?,gpt-5.2,"Uma carteira diversificada tende a distribuir risco com mais inteligência. Em vez de depender de uma única aposta, ela combina fontes diferentes de retorno. A resposta quer transmitir confiança com uma linguagem mais consultiva.",2.0,1.3
Como descrever diversificação de carteira em um tom confiante?,gpt-4.1,Diversificar é uma forma de evitar concentração excessiva em um único ativo. Isso ajuda a carteira a reagir melhor a diferentes cenários de mercado. O tom foi pensado para ser racional e seguro.,3.0,1.6
Como explicar Tesouro Selic para um investidor iniciante?,gpt-5.2,Tesouro Selic é frequentemente usado como porta de entrada para investidores iniciantes. Ele oferece liquidez diária e um risco de crédito percebido como baixo. O tom aqui tenta ser didático sem ficar excessivamente técnico.,2.0,1.1
Como explicar Tesouro Selic para um investidor iniciante?,gpt-4.1,"Tesouro Selic costuma ser visto como uma opção conservadora. Ele acompanha a taxa básica de juros e tende a oscilar pouco no dia a dia. Para quem está começando, passa uma sensação de simplicidade e segurança.",3.0,1.4
Como explicar Tesouro Selic para um investidor iniciante?,gpt-5.4,"Se a ideia é começar com algo previsível, o Tesouro Selic costuma aparecer primeiro. Ele ajuda na reserva de emergência e tem uma leitura mais estável para o investidor comum. A resposta procura soar confiante e acolhedora ao mesmo tempo.",2.0,0.9
Qual é a diferença entre CDB e poupança?,gpt-4.1,A poupança é mais conhecida e fácil de entender para quase todo mundo. Já o CDB costuma oferecer rendimento potencialmente maior em muitos cenários. Essa resposta tenta resumir a comparação de forma direta e objetiva.,2.0,1.5
Qual é a diferença entre CDB e poupança?,gpt-5.4,"Poupança normalmente é escolhida pela familiaridade, mas o CDB entra na conversa quando o foco é rendimento. A diferença principal costuma aparecer no retorno e nas condições do produto. O texto foi escrito para soar firme, mas acessível.",3.0,1.0
Qual é a diferença entre CDB e poupança?,gpt-5.2,"Enquanto a poupança prioriza simplicidade, o CDB costuma entregar mais eficiência para quem aceita comparar opções. Os dois podem ter perfis diferentes de liquidez e rentabilidade. O estilo aqui busca equilíbrio entre clareza e autoridade.",1.0,1.2
